STATE/UT,Year,Murder,Rape,Kidnapping and Abduction,Foeticide,Abetment of suicide,Exposure and abandonment,Procuration of minor girls,Buying of girls for prostitution,Selling of girls for prostitution,Prohibition of child marriage act,Other Crimes,Total,Area (km2),Average Literacy Rate %,Literacy Rate % (Males),Literacy Rate % (Females),Population
ANDHRA PRADESH,2001,35,84,57,0,7,22,12,0,0,6,47,270,"1,62,975",61.11,70.85,51.17,"7,57,28,400"
ARUNACHAL PRADESH,2001,0,0,0,0,0,0,0,0,0,0,0,0,"83,743",54.74,64.07,44.24,"10,98,328"
ASSAM,2001,0,0,18,0,0,0,0,0,0,0,0,18,"78,438",64.28,71.93,56.03,"2,66,38,600"
BIHAR,2001,2,16,26,0,0,1,16,1,1,2,18,83,"94,163",47.53,60.32,33.57,"8,28,79,910"
CHHATTISGARH,2001,0,37,13,0,0,5,0,0,0,0,50,105,"1,35,192",65.18,77.86,52.4,"2,08,34,530"
GOA,2001,1,10,6,0,0,3,2,0,0,0,12,34,"3,702",82.32,88.88,75.51,"13,48,900"
GUJARAT,2001,78,39,120,4,0,112,18,0,0,11,190,572,"1,96,024",69.97,81,58.6,"5,05,97,200"
HARYANA,2001,31,108,124,3,0,16,5,0,2,0,74,363,"44,212",68.59,79.25,56.31,"2,10,83,900"
HIMACHAL PRADESH,2001,5,35,20,0,0,15,0,0,0,0,7,82,"55,673",77.13,86.02,68.08,"60,77,453"
JAMMU & KASHMIR,2001,2,6,15,0,0,4,0,0,0,0,1,28,"42,241",54.46,65.75,41.82,"1,00,70,300"
JHARKHAND,2001,5,11,4,0,0,0,1,0,0,0,20,41,"79,716",54.13,67.94,39.38,"2,69,46,070"
KARNATAKA,2001,3,18,18,1,0,15,1,0,2,1,9,68,"1,91,791",67.04,76.29,57.45,"5,27,34,986"
KERALA,2001,76,64,28,0,0,9,4,0,0,3,63,247,"38,863",90.92,94.2,87.86,"3,18,39,000"
MADHYA PRADESH,2001,103,390,100,7,8,69,4,0,0,4,740,1425,"3,08,252",64.11,76.8,50.28,"6,03,85,090"
MAHARASHTRA,2001,203,367,210,17,4,281,21,1,1,43,473,1621,"3,07,713",77.27,86.27,67.51,"9,67,52,500"
MANIPUR,2001,0,0,0,0,0,0,0,0,0,0,0,0,"22,327",68.87,77.87,59.7,"22,94,480"
MEGHALAYA,2001,0,0,0,0,0,0,0,0,0,0,0,0,"22,429",63.31,66.14,60.41,"23,06,540"
MIZORAM,2001,0,0,0,0,0,0,0,0,0,0,0,0,"21,081",88.49,90.69,86.13,"8,89,690"
NAGALAND,2001,0,0,0,0,0,0,0,0,0,0,0,0,"16,579",67.11,71.77,61.92,"19,90,275"
ODISHA,2001,2,17,22,0,4,1,0,0,0,0,22,68,"1,55,707",63.61,75.95,50.97,"3,67,07,900"
PUNJAB,2001,20,38,35,7,0,3,7,0,0,0,13,123,"50,362",69.95,75.63,63.55,"2,42,89,130"
RAJASTHAN,2001,19,35,62,8,1,54,0,0,0,10,29,218,"3,42,239",61.03,76.46,44.34,"5,64,73,300"
SIKKIM,2001,1,4,0,0,0,0,0,0,0,0,0,5,"7,096",69.68,76.73,61.46,"5,41,902"
TAMIL NADU,2001,24,20,7,0,1,1,0,0,0,0,8,61,"1,30,058",73.47,82.33,64.55,"6,21,11,390"
TRIPURA,2001,0,0,0,0,0,0,0,0,0,0,0,0,"10,491",73.66,81.47,65.41,"31,91,880"
UTTAR PRADESH,2001,489,562,1185,1,0,0,29,1,1,1,1440,3709,"2,40,928",57.36,70.23,42.98,"16,60,53,600"
UTTARAKHAND,2001,9,9,16,0,0,0,7,0,0,0,5,46,"53,483",72.28,84.01,60.26,"84,89,100"
WEST BENGAL,2001,3,12,86,0,0,0,9,3,2,0,52,167,"88,752",69.22,77.58,60.22,"8,02,21,300"
A & N ISLANDS,2001,0,0,0,0,0,0,0,0,0,0,0,0,"8,249",81.18,86.07,75.29,"3,56,650"
CHANDIGARH,2001,0,8,32,0,0,5,0,0,0,2,11,58,114,81.76,85.65,76.65,"9,01,080"
D & N HAVELI,2001,0,0,0,0,0,0,0,0,0,0,0,0,491,60.03,73.32,42.99,"2,20,963"
DAMAN & DIU,2001,0,0,0,0,0,0,0,0,0,0,0,0,112,81.09,88.4,70.37,"1,58,080"
DELHI,2001,22,113,612,2,0,60,3,0,1,0,99,912,"1,484",81.82,87.37,75,"1,38,51,503"
LAKSHADWEEP,2001,1,0,0,0,0,0,0,0,0,0,0,1,32,87.52,93.15,81.56,"61,300"
PUDUCHERRY,2001,1,4,0,0,0,0,0,0,0,0,0,5,479,81.49,88.89,74.13,"9,74,820"
ANDHRA PRADESH,2002,43,137,86,0,13,5,9,1,0,6,33,333,"1,62,975",61.95,71.82,51.87,"7,67,65,879"
ARUNACHAL PRADESH,2002,0,3,3,0,0,0,0,0,0,0,0,6,"83,743",55.49,64.95,44.85,"11,13,375"
ASSAM,2002,2,3,1,0,0,0,6,0,0,1,1,14,"78,438",65.16,72.92,56.8,"2,70,03,548"
BIHAR,2002,10,3,26,1,0,1,9,0,0,1,6,57,"94,163",48.18,61.15,34.03,"8,40,15,364"
CHHATTISGARH,2002,28,182,45,0,1,17,0,0,0,26,434,733,"1,35,192",66.07,78.93,53.12,"2,11,19,963"
GOA,2002,2,7,4,0,0,5,2,0,0,0,11,31,"3,702",83.45,90.1,76.54,"13,67,379"
GUJARAT,2002,68,67,273,9,1,76,0,0,0,38,178,710,"1,96,024",70.93,82.11,59.4,"5,12,90,381"
HARYANA,2002,22,84,54,6,0,15,0,0,1,1,52,235,"44,212",69.53,80.34,57.08,"2,13,72,749"
HIMACHAL PRADESH,2002,5,26,24,6,0,8,3,0,0,3,16,91,"55,673",78.19,87.2,69.01,"61,60,714"
JAMMU & KASHMIR,2002,2,7,23,2,0,4,0,0,0,0,4,42,"42,241",55.21,66.65,42.39,"1,02,08,263"
JHARKHAND,2002,3,43,21,0,0,0,5,0,0,0,39,111,"79,716",54.87,68.87,39.92,"2,73,15,231"
KARNATAKA,2002,28,19,23,7,0,10,7,0,1,1,18,114,"1,91,791",67.96,77.34,58.24,"5,34,57,455"
KERALA,2002,64,54,31,2,0,9,6,0,0,6,68,240,"38,863",92.17,95.49,89.06,"3,22,75,194"
MADHYA PRADESH,2002,94,517,154,4,1,91,5,0,1,2,1460,2329,"3,08,252",64.99,77.85,50.97,"6,12,12,365"
MAHARASHTRA,2002,248,491,275,10,6,282,34,8,1,18,487,1860,"3,07,713",78.33,87.45,68.43,"9,80,78,009"
MANIPUR,2002,0,0,0,0,0,0,0,0,0,0,0,0,"22,327",69.81,78.94,60.52,"23,25,914"
MEGHALAYA,2002,0,1,0,0,0,0,0,0,0,0,0,1,"22,429",64.18,67.05,61.24,"23,38,139"
MIZORAM,2002,0,0,0,0,0,0,0,0,0,0,0,0,"21,081",89.7,91.93,87.31,"9,01,878"
NAGALAND,2002,0,0,0,0,0,0,0,0,0,0,0,0,"16,579",68.03,72.75,62.77,"20,17,541"
ODISHA,2002,7,21,8,0,0,0,4,0,0,0,16,56,"1,55,707",64.48,76.99,51.67,"3,72,10,798"
PUNJAB,2002,13,52,62,10,0,0,5,0,0,1,18,161,"50,362",70.91,76.67,64.42,"2,46,21,891"
RAJASTHAN,2002,20,38,52,6,0,79,2,0,0,7,0,204,"3,42,239",61.87,77.51,44.95,"5,72,46,984"
SIKKIM,2002,2,4,0,0,0,0,0,0,0,0,0,6,"7,096",70.63,77.78,62.3,"5,49,326"
TAMIL NADU,2002,45,29,29,0,0,5,0,0,0,0,27,135,"1,30,058",74.48,83.46,65.43,"6,29,62,316"
TRIPURA,2002,0,0,0,0,0,0,0,0,0,0,0,0,10491,74.67,82.59,66.31,"32,35,608"
UTTAR PRADESH,2002,424,416,539,1,0,0,4,0,0,2,440,1826,"2,40,928",58.15,71.19,43.57,"16,83,28,534"
UTTARAKHAND,2002,7,8,3,0,0,0,9,0,0,0,0,27,"53,483",58.15,71.19,61.09,"86,05,400"
WEST BENGAL,2002,4,16,94,0,0,0,14,0,1,0,46,175,"88,752",70.17,85.16,61.05,"8,13,20,331"
A & N ISLANDS,2002,0,0,0,0,0,0,0,0,0,0,0,0,"8,249",82.29,78.64,76.32,"3,61,536"
CHANDIGARH,2002,3,6,22,0,1,8,0,0,0,0,9,49,114,82.88,87.25,77.7,"9,13,424"
D & N HAVELI,2002,0,0,0,0,0,0,0,0,0,0,0,0,491,60.85,86.82,43.58,"2,23,990"
DAMAN & DIU,2002,0,0,0,0,0,0,0,0,0,0,0,0,112,82.2,74.32,71.33,"1,60,245"
DELHI,2002,4,22,41,1,0,6,0,0,0,0,10,84,"1,484",82.94,89.61,76.03,"1,40,41,268"
LAKSHADWEEP,2002,0,0,0,0,0,0,0,0,0,0,0,0,32,88.72,94.43,82.68,"62,139"
PUDUCHERRY,2002,2,4,4,0,1,0,0,0,0,0,6,17,479,82.61,90.11,75.15,"9,88,175"
ANDHRA PRADESH,2003,119,383,373,0,3,36,46,0,1,4,498,1463,"1,62,975",62.79,72.8,52.58,"7,78,09,895"
ARUNACHAL PRADESH,2003,0,9,9,0,0,0,0,0,0,0,0,18,"83,743",56.24,65.83,45.46,"11,28,516"
ASSAM,2003,2,5,0,0,0,0,12,0,0,0,0,19,"78,438",66.05,73.91,57.57,"2,73,70,797"
BIHAR,2003,8,3,33,0,0,1,1,0,0,0,10,56,"94,163",48.84,61.98,34.49,"8,51,57,973"
CHHATTISGARH,2003,29,186,45,6,4,3,0,0,0,6,335,614,"1,35,192",66.97,80,53.84,"2,14,07,194"
GOA,2003,0,22,9,0,0,5,5,0,0,0,16,57,"3,702",84.58,91.32,77.59,"13,85,976"
GUJARAT,2003,49,75,267,4,0,82,2,0,0,11,175,665,"1,96,024",71.89,83.23,60.21,"5,19,87,930"
HARYANA,2003,24,77,92,2,0,24,3,0,0,3,62,287,"44,212",70.48,81.43,57.86,"2,16,63,418"
HIMACHAL PRADESH,2003,5,36,23,0,0,11,4,0,1,1,28,109,"55,673",79.25,88.38,69.95,"62,44,499"
JAMMU & KASHMIR,2003,0,2,38,0,0,2,0,0,0,0,7,49,"42,241",55.96,67.56,42.97,"1,03,47,095"
JHARKHAND,2003,7,16,3,1,0,0,5,0,0,0,3,35,"79,716",55.62,69.81,40.46,"2,76,86,718"
KARNATAKA,2003,23,25,29,0,0,11,1,0,0,2,25,116,"1,91,791",68.88,78.39,59.03,"5,41,84,476"
KERALA,2003,31,69,23,0,0,1,7,0,0,0,48,179,"38,863",93.42,96.79,90.27,"3,27,14,136"
MADHYA PRADESH,2003,165,699,210,11,9,90,13,0,25,3,1437,2662,"3,08,252",65.87,78.91,51.66,"6,20,44,853"
MAHARASHTRA,2003,206,605,337,5,5,293,20,5,3,16,506,2001,"3,07,713",79.39,88.64,69.37,"9,94,11,870"
MANIPUR,2003,1,7,26,0,0,0,0,0,0,0,2,36,"22,327",70.76,80.01,61.34,"23,57,546"
MEGHALAYA,2003,14,24,8,0,0,0,0,0,0,0,0,46,"22,429",65.05,67.96,62.07,"23,69,938"
MIZORAM,2003,5,9,3,0,0,0,0,0,0,0,0,17,"21,081",90.92,93.18,88.5,"9,14,144"
NAGALAND,2003,0,0,0,0,0,0,0,0,0,0,0,0,"16,579",68.95,73.74,63.62,"20,44,980"
ODISHA,2003,15,55,25,0,1,0,4,0,0,0,40,140,"1,55,707",65.36,78.04,52.37,"3,77,16,865"
PUNJAB,2003,25,54,67,11,0,9,0,0,0,2,16,184,"50,362",71.87,77.71,65.3,"2,49,56,748"
RAJASTHAN,2003,26,49,46,12,0,97,1,1,0,6,2,240,"3,42,239",62.71,78.56,45.56,"5,80,25,543"
SIKKIM,2003,1,8,0,0,1,0,0,0,0,0,5,15,"7,096",71.6,78.84,63.15,"5,56,796"
TAMIL NADU,2003,60,47,37,0,0,7,0,0,0,3,23,177,"1,30,058",75.49,84.59,66.32,"6,38,18,603"
TRIPURA,2003,0,0,0,0,0,0,0,0,0,0,0,0,"10,491",75.68,83.71,67.21,"32,79,613"
UTTAR PRADESH,2003,458,301,561,3,2,0,28,0,0,4,345,1702,"2,40,928",58.94,72.16,44.16,"17,06,17,802"
UTTARAKHAND,2003,3,11,2,0,0,0,7,0,0,0,0,23,"53,483",74.27,86.32,61.92,"87,22,434"
WEST BENGAL,2003,2,16,32,0,0,0,12,18,6,1,61,148,"88,752",71.12,79.71,61.88,"8,24,26,288"
A & N ISLANDS,2003,1,2,1,0,0,0,0,0,0,0,2,6,"8,249",83.41,88.44,77.36,"3,66,452"
CHANDIGARH,2003,3,9,14,0,0,11,0,0,0,0,3,40,114,84.01,88,78.76,"9,25,847"
D & N HAVELI,2003,0,0,1,0,0,0,0,0,0,0,0,1,491,61.68,75.34,44.17,"2,27,036"
DAMAN & DIU,2003,0,4,1,0,0,0,0,0,0,0,1,6,112,83.32,90.3,72.3,"1,62,425"
DELHI,2003,6,23,31,0,0,5,0,0,0,0,5,70,"1,484",84.07,90.83,77.06,"1,42,32,229"
LAKSHADWEEP,2003,0,0,0,0,0,0,0,0,0,0,1,1,32,89.93,95.71,83.8,"62,984"
PUDUCHERRY,2003,1,1,1,0,0,0,0,0,0,0,2,5,479,83.73,91.33,76.17,"10,01,614"
ANDHRA PRADESH,2004,71,363,396,0,2,26,60,0,0,4,406,1328,"1,62,975",63.63,73.77,53.28,"7,88,52,547"
ARUNACHAL PRADESH,2004,0,11,8,0,0,0,0,0,0,0,3,22,"83,743",57,66.71,46.07,"11,43,639"
ASSAM,2004,1,7,3,0,0,0,8,0,1,1,0,21,"78,438",66.93,74.9,58.34,"2,77,37,565"
BIHAR,2004,9,3,29,1,0,1,7,0,1,3,5,59,"94,163",49.49,62.81,34.95,"8,62,99,090"
CHHATTISGARH,2004,44,308,70,6,6,14,1,0,0,14,477,940,"1,35,192",67.87,81.07,54.56,"2,16,94,050"
GOA,2004,2,20,9,0,0,1,1,0,0,0,20,53,"3,702",85.72,92.55,78.63,"14,04,548"
GUJARAT,2004,74,96,300,0,1,95,5,0,0,30,198,799,"1,96,024",72.86,84.34,61.02,"5,26,84,569"
HARYANA,2004,23,24,42,15,1,15,0,0,0,2,42,164,"44,212",71.42,82.52,58.63,"2,19,53,708"
HIMACHAL PRADESH,2004,5,32,26,2,0,13,0,0,0,2,12,92,"55,673",80.31,89.57,70.89,"63,28,176"
JAMMU & KASHMIR,2004,1,4,27,0,0,1,0,0,0,0,2,35,"42,241",56.71,68.46,43.55,"1,04,85,746"
JHARKHAND,2004,6,43,18,1,0,0,5,0,0,0,39,112,"79,716",56.36,70.74,41,"2,80,57,720"
KARNATAKA,2004,54,42,41,4,1,17,4,0,0,1,25,189,"1,91,791",69.81,79.44,59.82,"5,49,10,548"
KERALA,2004,51,159,54,0,0,0,20,0,0,1,56,341,"38,863",94.67,98.09,91.48,"3,31,52,506"
MADHYA PRADESH,2004,144,710,179,9,5,115,2,0,0,2,2487,3653,"3,08,252",66.75,79.97,52.35,"6,28,76,254"
MAHARASHTRA,2004,187,634,380,15,8,249,14,11,3,14,766,2281,"3,07,713",80.46,89.83,70.3,"10,07,43,989"
MANIPUR,2004,0,4,27,0,0,0,0,0,0,0,0,31,"22,327",71.71,81.08,62.16,"23,89,137"
MEGHALAYA,2004,0,0,0,0,0,0,0,0,0,0,0,0,"22,429",65.92,68.87,62.9,"24,01,695"
MIZORAM,2004,0,0,0,0,0,0,0,0,0,0,0,0,"21,081",92.14,94.43,89.68,"9,26,393"
NAGALAND,2004,0,1,0,0,0,0,0,0,0,0,0,1,"16,579",69.88,74.73,64.47,"20,72,383"
ODISHA,2004,9,31,11,0,0,0,3,0,0,1,74,129,"1,55,707",66.23,79.08,53.07,"3,82,22,271"
PUNJAB,2004,42,54,53,8,1,12,0,0,1,2,20,193,"50,362",72.84,78.75,66.17,"2,52,91,169"
RAJASTHAN,2004,21,137,128,17,0,90,1,1,1,2,5,403,"3,42,239",63.55,79.61,46.17,"5,88,03,085"
SIKKIM,2004,2,1,2,1,0,0,0,0,0,0,2,8,"7,096",72.55,79.9,64,"5,64,257"
TAMIL NADU,2004,71,166,93,0,3,20,6,0,0,5,29,393,"1,30,058",76.5,85.73,67.21,"6,46,73,772"
TRIPURA,2004,5,28,14,0,0,0,0,0,0,0,12,59,"10,491",76.7,84.83,68.11,"33,23,559"
UTTAR PRADESH,2004,528,394,735,2,4,0,23,0,0,1,234,1921,"2,40,928",59.73,73.13,44.75,"17,29,04,080"
UTTARAKHAND,2004,4,17,2,1,0,1,32,0,0,0,0,57,"53,483",75.26,87.48,62.75,"88,39,314"
WEST BENGAL,2004,2,19,99,0,1,0,13,9,12,8,43,206,"88,752",72.08,80.78,62.7,"8,35,30,800"
A & N ISLANDS,2004,1,8,3,0,0,0,0,0,0,0,2,14,"8,249",84.53,89.62,78.4,"3,71,363"
CHANDIGARH,2004,3,13,36,0,0,11,0,0,0,0,3,66,114,85.13,89.18,79.81,"9,38,253"
D & N HAVELI,2004,3,0,7,1,0,0,0,0,0,0,0,11,491,62.51,76.34,44.76,"2,30,078"
DELHI,2004,8,20,29,0,0,2,0,0,0,0,10,69,"1,484",85.2,90.97,78.09,"1,44,22,941"
LAKSHADWEEP,2004,0,0,0,0,0,0,0,0,0,0,0,0,32,91.13,96.99,84.92,"63,828"
PUDUCHERRY,2004,1,4,4,0,0,0,0,0,0,0,3,12,479,84.85,92.56,77.19,"10,15,035"
ANDHRA PRADESH,2005,57,315,332,1,4,99,48,9,2,9,74,950,"1,62,975",64.47,74.75,53.98,"7,98,93,401"
ARUNACHAL PRADESH,2005,0,10,12,0,0,0,0,0,0,0,0,22,"83,743",57.75,68.48,46.67,"11,58,735"
ASSAM,2005,13,90,18,1,5,0,0,0,2,0,70,199,"78,438",67.82,76.88,59.11,"2,81,03,701"
BIHAR,2005,26,8,72,0,0,0,5,0,0,4,0,115,"94,163",50.14,63.64,35.42,"8,74,38,238"
CHHATTISGARH,2005,37,382,110,21,8,6,0,0,0,3,430,997,"1,35,192",68.76,82.14,55.28,"2,19,80,412"
GOA,2005,4,15,11,0,0,2,0,0,0,0,21,53,"3,702",86.85,93.77,79.66,"14,23,088"
GUJARAT,2005,76,90,285,4,1,141,12,0,0,25,202,836,"1,96,024",73.82,85.45,61.82,"5,33,80,005"
HARYANA,2005,38,131,101,8,0,32,0,0,0,7,57,374,"44,212",72.36,83.61,59.41,"2,22,43,497"
HIMACHAL PRADESH,2005,6,58,37,1,0,12,0,0,0,3,14,131,"55,673",81.37,90.75,71.82,"64,11,708"
JAMMU & KASHMIR,2005,4,4,48,0,0,0,0,0,0,0,1,57,"42,241",57.46,69.37,44.12,"1,06,24,158"
JHARKHAND,2005,33,22,11,0,0,0,4,0,0,0,27,97,"79,716",57.11,71.68,41.55,"2,84,28,082"
KARNATAKA,2005,47,48,35,7,1,18,7,0,0,3,25,191,"1,91,791",70.73,80.49,60.61,"5,56,35,367"
KERALA,2005,45,140,45,1,1,3,21,0,0,3,127,386,"38,863",95.92,99.38,92.69,"3,35,90,119"
MADHYA PRADESH,2005,150,870,240,12,7,95,4,1,0,18,2324,3721,"3,08,252",67.64,81.02,53.05,"6,37,06,221"
MAHARASHTRA,2005,192,634,420,4,11,321,5,6,1,22,689,2305,"3,07,713",81.52,91.01,71.22,"10,20,73,809"
MANIPUR,2005,3,4,13,0,0,0,0,0,0,0,0,20,"22,327",72.66,82.15,62.98,"24,20,674"
MEGHALAYA,2005,9,51,11,0,0,0,4,0,0,0,6,81,"22,429",66.79,69.78,63.73,"24,33,397"
MIZORAM,2005,24,37,13,0,0,0,0,0,0,0,0,74,"21,081",93.36,95.68,90.87,"9,38,622"
NAGALAND,2005,0,0,0,0,0,0,0,0,0,0,0,0,"16,579",70.8,75.72,65.33,"20,99,738"
ODISHA,2005,10,28,16,0,0,0,0,0,0,0,32,86,"50,362",73.8,79.79,67.05,"2,56,25,012"
PUNJAB,2005,26,51,59,12,0,13,2,0,0,11,36,210,"3,42,239",64.39,80.67,46.78,"5,95,79,286"
RAJASTHAN,2005,57,246,132,10,0,123,1,0,1,3,7,580,"3,42,239",64.39,80.67,46.78,"5,95,79,286"
SIKKIM,2005,1,14,2,1,1,5,0,0,0,0,1,25,"7,096",73.51,80.95,64.84,"5,71,706"
TAMIL NADU,2005,54,115,69,0,1,6,0,0,0,4,39,288,"1,30,058",77.51,86.86,68.1,"6,55,27,466"
TRIPURA,2005,1,20,6,0,0,0,0,0,0,1,0,28,"10,491",77.71,86.86,68.1,"6,55,27,466"
UTTAR PRADESH,2005,390,394,749,0,2,0,3,0,0,4,259,1801,"2,40,928",60.51,85.95,69.01,"33,67,430"
UTTARAKHAND,2005,6,18,41,0,0,0,9,0,0,0,2,76,"53,483",76.26,74.09,45.34,"17,51,86,414"
WEST BENGAL,2005,2,6,102,0,1,0,20,2,44,2,57,236,"88,752",73.03,88.63,63.57,"89,55,993"
A & N ISLANDS,2005,1,2,2,0,0,2,0,0,0,0,1,8,"8,249",85.64,81.85,63.53,"8,46,33,407"
CHANDIGARH,2005,3,21,23,0,0,7,0,0,0,0,3,57,114,86.26,90.8,79.43,"3,76,265"
D & N HAVELI,2005,1,0,4,0,0,0,0,0,0,0,0,5,491,63.33,90.36,80.87,"9,50,638"
DAMAN & DIU,2005,1,1,2,0,0,1,0,0,0,0,0,5,112,85.55,93.26,45.35,"2,33,115"
DELHI,2005,3,25,46,0,0,3,0,0,0,0,14,91,"1,484",86.32,92.18,79.12,"1,46,13,324"
LAKSHADWEEP,2005,0,0,0,0,0,0,0,0,0,0,0,0,32,92.33,98.27,86.05,"64,671"
PUDUCHERRY,2005,0,3,3,0,0,0,0,0,0,0,2,8,479,85.97,93.27,78.21,"10,28,434"
ANDHRA PRADESH,2006,61,412,498,5,11,89,35,5,6,17,247,1386,"1,62,975",65.32,75.73,54.69,"8,09,40,004"
ARUNACHAL PRADESH,2006,0,0,27,0,0,0,0,0,0,0,0,27,"83,743",58.51,68.48,47.28,"11,73,914"
ASSAM,2006,11,61,25,1,5,0,0,0,1,1,147,252,"78,438",68.7,76.88,59.89,"2,84,71,860"
BIHAR,2006,12,17,25,0,0,0,4,0,0,2,6,66,"94,163",50.8,64.47,35.88,"8,85,83,679"
CHHATTISGARH,2006,48,448,113,5,1,14,0,0,0,5,604,1238,"1,35,192",69.67,83.22,56.01,"2,22,68,355"
GOA,2006,3,14,10,0,1,8,1,0,0,0,17,54,"3,702",87.99,95,80.71,"14,41,730"
GUJARAT,2006,87,112,360,6,1,150,9,0,0,12,240,977,"1,96,024",74.79,86.57,62.63,"5,40,79,283"
HARYANA,2006,29,176,158,9,0,24,0,0,0,7,59,462,"44,212",73.31,84.7,60.19,"2,25,34,887"
HIMACHAL PRADESH,2006,4,41,52,5,1,12,2,0,0,1,18,136,"55,673",82.44,91.94,72.77,"64,95,701"
JAMMU & KASHMIR,2006,3,8,72,0,0,1,0,0,0,0,1,85,"42,241",58.21,70.27,44.7,"1,07,63,334"
JHARKHAND,2006,10,28,11,1,0,0,26,0,0,0,36,112,"79,716",57.86,72.62,42.09,"2,88,00,490"
KARNATAKA,2006,63,84,62,13,0,31,2,0,0,6,15,276,"1,91,791",71.65,81.54,61.4,"5,63,64,191"
KERALA,2006,51,219,73,0,0,4,35,0,0,1,170,553,"38,863",97.18,100.68,93.91,"3,40,30,150"
MADHYA PRADESH,2006,160,829,237,14,12,105,6,0,0,4,2572,3939,"3,08,252",68.52,82.09,53.74,"6,45,40,773"
MAHARASHTRA,2006,207,655,552,10,7,255,15,23,1,15,1101,2841,"3,07,713",82.59,92.21,72.16,"10,34,10,976"
MANIPUR,2006,6,15,32,0,0,0,0,0,0,0,1,54,"22,327",73.61,83.23,63.81,"24,52,385"
MEGHALAYA,2006,6,47,13,0,0,0,3,0,0,2,0,71,"22,429",67.67,70.69,64.57,"24,65,275"
MIZORAM,2006,0,35,0,0,0,0,0,0,0,0,0,35,"21,081",94.58,96.93,92.06,"9,50,918"
NAGALAND,2006,3,11,0,0,0,0,0,0,0,0,0,14,"16,579",71.73,76.71,66.18,"21,27,245"
ODISHA,2006,13,101,17,0,1,0,0,0,0,3,19,154,"1,55,707",67.99,81.18,54.48,"3,92,34,126"
PUNJAB,2006,24,58,169,22,0,15,0,0,1,9,31,329,"50,362",74.76,80.83,67.92,"2,59,60,700"
RAJASTHAN,2006,77,311,392,25,0,137,1,2,0,1,5,951,"3,42,239",65.23,81.72,47.39,"6,03,59,774"
SIKKIM,2006,4,14,6,0,0,1,0,0,0,0,10,35,"7,096",74.48,82.01,65.69,"5,79,195"
TAMIL NADU,2006,60,125,118,0,0,12,1,0,0,6,31,353,"1,30,058",78.53,88,68.99,"6,63,85,876"
TRIPURA,2006,3,37,0,0,0,0,0,0,0,1,0,41,"10,491",78.73,87.08,69.91,"34,11,544"
UTTAR PRADESH,2006,426,347,734,2,3,0,0,0,0,0,255,1767,"2,40,928",61.31,75.06,45.94,"17,74,81,356"
UTTARAKHAND,2006,10,23,5,0,0,0,13,0,0,0,0,51,"53,483",77.25,89.79,64.41,"90,73,317"
WEST BENGAL,2006,3,20,156,0,0,3,77,4,114,6,49,432,"88,752",73.98,82.92,64.36,"8,57,42,104"
A & N ISLANDS,2006,0,5,4,0,0,0,0,0,0,0,0,9,"8,249",86.77,91.99,80.47,"3,81,194"
CHANDIGARH,2006,1,8,43,0,0,11,0,0,0,0,1,64,114,87.39,91.54,81.93,"9,63,092"
D & N HAVELI,2006,1,3,10,0,0,1,0,0,0,0,0,15,491,64.16,78.37,45.95,"2,36,169"
DAMAN & DIU,2006,1,1,1,0,0,0,0,0,0,0,0,3,112,86.67,94.48,75.21,"1,68,959"
DELHI,2006,62,448,1114,7,2,36,1,1,0,0,489,2160,"1,484",87.45,93.38,80.16,"1,48,04,759"
LAKSHADWEEP,2006,0,0,0,0,0,0,0,0,0,0,0,0,32,93.54,99.56,87.17,"65,518"
PUDUCHERRY,2006,1,8,13,0,0,0,0,0,0,0,3,25,479,87.1,95.01,79.23,"10,41,906"
ANDHRA PRADESH,2007,76,363,609,0,6,35,37,0,11,21,341,1499,"1,62,975",66.16,76.7,47.89,"8,19,84,130"
ARUNACHAL PRADESH,2007,0,1,3,0,0,0,0,0,0,0,0,4,"83,743",59.26,69.36,60.66,"11,89,058"
ASSAM,2007,2,34,29,0,0,0,0,0,0,1,101,167,"78,438",69.59,77.87,36.34,"2,88,39,147"
BIHAR,2007,88,110,421,0,0,0,36,0,1,8,11,675,"94,163",51.46,65.3,56.73,"8,97,26,408"
CHHATTISGARH,2007,45,368,103,10,3,7,3,0,0,4,481,1024,"1,35,192",70.56,84.29,81.75,"2,25,55,617"
GOA,2007,3,15,7,0,0,6,0,0,0,0,39,70,"3,702",89.12,96.22,63.44,"14,60,329"
GUJARAT,2007,83,98,436,1,0,149,25,0,0,14,304,1110,"1,96,024",75.75,87.69,60.96,"5,47,76,906"
HARYANA,2007,20,122,107,4,1,12,0,0,0,4,55,325,"44,212",74.26,85.8,73.7,"2,28,25,587"
HIMACHAL PRADESH,2007,6,48,61,1,0,6,2,0,0,1,26,151,"55,673",83.5,93.13,45.27,"65,79,495"
JAMMU & KASHMIR,2007,0,12,8,0,0,1,0,0,0,0,5,26,"42,241",58.96,71.18,42.63,"1,09,02,181"
JHARKHAND,2007,3,23,7,0,0,0,25,0,0,4,12,74,"79,716",58.6,73.55,62.2,"2,91,72,016"
KARNATAKA,2007,53,84,62,7,0,25,8,0,0,4,23,266,"1,91,791",72.58,82.59,95.12,"5,70,91,289"
KERALA,2007,38,183,73,0,1,6,22,0,0,1,163,487,"38,863",98.43,101.98,54.43,"3,44,69,138"
MADHYA PRADESH,2007,160,1043,283,10,5,141,16,0,2,5,2625,4290,"3,08,252",69.41,83.14,73.09,"6,53,73,348"
MAHARASHTRA,2007,213,615,590,1,8,297,13,31,0,7,932,2707,"3,07,713",83.65,93.4,64.63,"10,47,44,978"
MANIPUR,2007,3,4,42,0,0,0,0,0,0,0,0,49,"22,327",74.56,84.3,65.4,"24,84,021"
MEGHALAYA,2007,12,41,9,0,0,0,8,0,0,1,0,71,"22,429",68.54,71.6,93.24,"24,97,077"
MIZORAM,2007,3,60,0,0,0,0,0,0,0,0,1,64,"21,081",95.8,98.18,67.04,"9,63,185"
NAGALAND,2007,3,2,2,0,0,0,0,0,0,0,0,7,"16,579",72.65,77.7,55.18,"21,54,686"
ODISHA,2007,30,92,36,5,0,0,0,0,0,1,37,201,"1,55,707",68.86,82.22,68.8,"3,97,40,246"
PUNJAB,2007,29,135,296,35,0,9,0,0,0,5,18,527,"50,362",75.73,81.88,48,"2,62,95,593"
RAJASTHAN,2007,89,406,589,16,0,146,1,0,0,3,2,1252,"3,42,239",66.07,82.78,66.54,"6,11,38,415"
SIKKIM,2007,1,17,5,0,0,4,0,0,0,0,4,31,"7,096",75.44,83.07,69.88,"5,86,667"
TAMIL NADU,2007,54,141,197,0,0,28,2,0,0,2,17,441,"1,30,058",79.54,89.13,70.81,"6,72,42,254"
TRIPURA,2007,9,33,11,0,0,0,0,0,0,1,9,63,"10,491",79.74,89.13,70.81,"34,55,553"
UTTAR PRADESH,2007,397,471,1041,1,0,0,0,1,0,0,337,2248,"2,40,928",62.1,88.2,46.53,"17,97,70,866"
UTTARAKHAND,2007,14,17,46,0,0,0,1,0,0,0,23,101,"53,483",78.25,76.03,65.24,"91,90,363"
WEST BENGAL,2007,15,92,88,1,0,1,54,6,55,9,40,361,"88,752",74.94,90.95,65.19,"8,68,48,177"
A & N ISLANDS,2007,0,3,7,0,0,0,0,0,0,0,0,10,"8,249",87.89,83.99,81.51,"3,86,111"
CHANDIGARH,2007,1,8,30,0,1,12,0,0,0,0,1,53,114,88.51,93.18,82.98,"9,75,515"
D & N HAVELI,2007,1,3,6,0,0,1,0,0,0,0,0,11,491,64.99,79.38,46.54,"2,39,216"
DAMAN & DIU,2007,2,0,0,0,0,1,0,0,0,0,0,3,112,87.79,95.7,76.18,"1,71,138"
DELHI,2007,56,398,1161,4,1,35,0,2,0,0,362,2019,"1,484",88.58,94.59,81.2,"1,49,95,740"
LAKSHADWEEP,2007,0,0,0,0,0,0,0,0,0,0,0,0,32,94.75,100.54,88.3,"66,363"
PUDUCHERRY,2007,2,3,12,0,0,1,0,0,0,0,5,23,479,88.22,96.23,80.25,"10,55,347"
ANDHRA PRADESH,2008,64,412,433,2,7,49,48,1,2,19,284,1321,"1,62,975",67,77.68,56.1,"8,30,25,329"
ARUNACHAL PRADESH,2008,0,11,13,0,0,0,0,0,0,0,0,24,"83,743",60.01,70.24,48.5,"12,04,159"
ASSAM,2008,1,27,7,0,0,0,0,0,0,1,147,183,"78,438",70.47,78.86,61.43,"2,92,05,404"
BIHAR,2008,116,91,496,0,0,0,45,0,0,8,10,766,"94,163",52.11,66.13,36.8,"9,08,65,934"
CHHATTISGARH,2008,52,411,96,9,3,3,3,0,1,5,584,1167,"1,35,192",71.46,85.36,57.45,"2,28,42,073"
GOA,2008,3,18,24,0,1,2,0,0,0,1,31,80,"3,702",90.25,97.44,82.79,"14,78,875"
GUJARAT,2008,59,99,521,1,0,156,7,0,0,23,208,1074,"1,96,024",76.71,88.8,64.25,"5,54,72,572"
HARYANA,2008,25,70,104,5,0,13,0,0,0,4,48,269,"44,212",75.2,86.89,61.74,"2,31,15,472"
HIMACHAL PRADESH,2008,8,68,78,2,2,5,2,0,0,2,38,205,"55,673",84.56,94.31,74.64,"66,63,055"
JAMMU & KASHMIR,2008,0,5,3,0,0,1,0,0,0,0,1,10,"42,241",59.71,72.09,45.85,"1,10,40,639"
JHARKHAND,2008,4,8,18,0,0,1,18,1,0,0,21,71,"79,716",59.35,74.49,43.17,"2,95,42,501"
KARNATAKA,2008,84,97,99,5,1,31,4,0,0,9,58,388,"1,91,791",73.5,83.64,62.99,"5,78,16,348"
KERALA,2008,37,215,87,0,4,6,13,0,0,4,183,549,"38,863",99.68,103.28,96.33,"3,49,06,897"
MADHYA PRADESH,2008,107,892,264,8,6,99,15,1,4,2,2861,4259,"3,08,252",70.29,84.2,55.12,"6,62,03,590"
MAHARASHTRA,2008,178,690,598,2,3,274,13,25,1,5,920,2709,"3,07,713",84.72,94.58,74.02,"10,60,75,239"
MANIPUR,2008,6,22,61,0,0,0,0,0,0,0,0,89,"22,327",75.51,85.37,65.45,"25,15,568"
MEGHALAYA,2008,0,34,21,0,0,0,0,0,0,0,7,62,"22,429",69.41,72.51,66.23,"25,28,790"
MIZORAM,2008,0,18,2,0,0,0,0,0,0,0,2,22,"21,081",97.02,99.43,94.43,"9,75,417"
NAGALAND,2008,0,0,3,0,0,0,0,0,0,0,0,3,"16,579",73.58,78.69,67.89,"21,82,051"
ODISHA,2008,13,65,8,0,0,0,0,0,0,1,54,141,"1,55,707",69.74,83.27,55.88,"4,02,44,947"
PUNJAB,2008,34,106,184,24,1,8,0,0,0,6,26,389,"50,362",76.69,82.92,69.67,"2,66,29,547"
RAJASTHAN,2008,97,420,504,10,0,158,0,0,0,3,31,1223,"3,42,239",66.91,83.83,48.61,"6,19,14,873"
SIKKIM,2008,2,12,3,0,0,0,0,0,0,0,7,24,"7,096",76.39,84.12,67.38,"5,94,117"
TAMIL NADU,2008,91,187,275,0,0,19,1,0,0,4,89,666,"1,30,058",80.55,90.26,70.77,"6,80,96,230"
TRIPURA,2008,12,104,23,0,0,0,0,0,0,0,24,163,"10,491",80.76,89.32,71.71,"34,99,438"
UTTAR PRADESH,2008,376,900,2224,2,0,0,0,0,0,0,576,4078,"2,40,928",62.89,77,47.12,"18,20,53,956"
UTTARAKHAND,2008,3,9,24,0,0,0,2,0,0,0,0,38,"53,483",79.24,92.1,66.07,"93,07,080"
WEST BENGAL,2008,19,129,196,1,0,1,53,2,41,6,65,513,"88,752",75.89,85.06,66.02,"8,79,51,149"
A & N ISLANDS,2008,2,8,12,0,0,1,0,0,0,0,24,47,"8,249",89,94.36,82.54,"3,91,015"
CHANDIGARH,2008,0,10,36,0,0,11,0,0,0,0,9,66,114,89.64,93.9,84.04,"9,87,904"
D & N HAVELI,2008,1,3,11,0,0,0,0,0,0,0,2,17,491,65.81,80.38,47.13,"2,42,254"
DAMAN & DIU,2008,0,0,0,0,0,0,0,0,0,0,4,4,112,88.9,96.92,77.15,"1,73,312"
DELHI,2008,41,301,1208,2,0,25,0,0,0,1,276,1854,"1,484",89.7,95.79,82.23,"1,51,86,186"
LAKSHADWEEP,2008,0,0,0,0,0,0,0,0,0,0,0,0,32,95.95,102.13,89.42,"67,206"
PUDUCHERRY,2008,1,4,14,0,1,1,0,0,0,0,5,26,479,89.34,97.46,81.27,"10,68,750"
ANDHRA PRADESH,2009,77,416,632,6,13,77,28,1,1,0,468,1719,"1,62,975",67.84,78.66,56.81,"8,40,71,448"
ARUNACHAL PRADESH,2009,0,16,17,0,0,0,0,0,0,0,0,33,"83,743",60.77,71.13,49.11,"12,19,331"
ASSAM,2009,0,0,0,0,0,0,0,0,0,0,0,0,"78,438",71.36,79.85,62.2,"2,95,73,392"
BIHAR,2009,126,63,722,5,0,0,58,0,0,0,42,1016,"94,163",52.77,66.97,37.27,"9,20,10,845"
CHHATTISGARH,2009,47,394,121,7,4,3,5,0,0,2,738,1321,"1,35,192",72.36,86.44,58.17,"2,31,29,884"
GOA,2009,3,30,21,0,0,6,0,0,0,0,32,92,"3,702",91.39,98.67,83.83,"14,97,509"
GUJARAT,2009,67,91,503,3,0,129,2,0,1,0,172,968,"1,96,024",77.68,89.92,65.06,"5,61,71,527"
HARYANA,2009,19,116,149,3,1,20,0,0,0,0,45,353,"44,212",76.15,87.98,62.51,"2,34,06,727"
HIMACHAL PRADESH,2009,9,83,72,1,1,5,6,0,0,0,44,221,"55,673",85.63,95.5,75.58,"67,47,010"
JAMMU & KASHMIR,2009,3,4,10,0,0,0,0,0,0,0,1,18,"42,241",60.46,72.99,46.43,"1,11,79,751"
JHARKHAND,2009,11,8,8,0,0,0,0,0,0,0,33,60,"79,716",60.09,75.42,43.72,"2,99,14,736"
KARNATAKA,2009,60,104,67,7,1,21,4,0,1,3,40,308,"1,91,791",74.43,84.69,63.78,"5,85,44,834"
KERALA,2009,44,235,83,0,0,7,14,0,0,0,204,587,"38,863",100.94,104.58,97.54,"3,53,46,723"
MADHYA PRADESH,2009,127,1071,427,39,8,103,1,0,1,0,2869,4646,"3,08,252",71.17,85.26,55.82,"6,70,37,755"
MAHARASHTRA,2009,182,612,534,17,13,274,42,29,2,0,1189,2894,"3,07,713",85.78,95.77,74.95,"10,74,11,787"
MANIPUR,2009,8,12,52,0,0,0,0,0,0,0,0,72,"22,327",76.46,86.45,66.28,"25,47,264"
MEGHALAYA,2009,8,60,9,0,0,0,3,0,0,0,3,83,"22,429",70.28,73.43,67.07,"25,60,653"
MIZORAM,2009,0,11,1,0,0,0,0,0,0,0,2,14,"21,081",98.24,100.68,95.62,"9,87,707"
NAGALAND,2009,0,0,0,0,0,0,0,0,0,0,0,0,"16,579",74.5,79.68,68.74,"22,09,544"
ODISHA,2009,8,87,30,0,0,0,0,0,0,0,69,194,"1,55,707",70.62,84.32,56.59,"4,07,52,033"
PUNJAB,2009,77,210,355,23,4,15,3,0,0,0,42,729,"50,362",77.66,83.96,70.55,"2,69,65,079"
RAJASTHAN,2009,97,371,761,12,0,153,1,0,0,0,12,1407,"3,42,239",67.75,84.88,49.22,"6,26,95,001"
SIKKIM,2009,3,14,6,0,0,3,0,0,0,0,14,40,"7,096",77.36,85.18,68.23,"6,01,603"
TAMIL NADU,2009,83,182,300,0,0,0,0,0,0,0,69,634,"1,30,058",81.56,91.4,71.66,"6,89,54,243"
TRIPURA,2009,13,83,12,0,0,0,28,0,0,0,27,163,"10,491",81.78,90.45,72.62,"35,43,531"
UTTAR PRADESH,2009,372,625,1535,0,0,0,0,0,0,0,553,3085,"2,40,928",63.68,77.97,47.72,"18,43,47,836"
UTTARAKHAND,2009,5,7,10,0,1,0,0,0,0,0,10,33,"53,483",80.24,93.27,66.9,"94,24,349"
WEST BENGAL,2009,20,109,199,0,0,0,41,2,49,0,64,484,"88,752",76.85,86.13,66.85,"8,90,59,334"
A & N ISLANDS,2009,1,12,10,0,0,0,0,0,0,0,18,41,"8,249",90.12,95.55,83.58,"3,95,942"
CHANDIGARH,2009,1,21,27,0,0,9,0,0,0,0,13,71,114,90.77,95.09,85.09,"10,00,352"
D & N HAVELI,2009,1,2,8,0,0,0,0,0,0,0,0,11,491,66.64,81.4,47.73,"2,45,306"
DAMAN & DIU,2009,0,1,0,0,0,0,0,0,0,0,1,2,112,90.02,98.14,78.12,"1,75,495"
DELHI,2009,74,307,2248,0,0,28,1,0,2,0,179,2839,"1,484",90.83,97,83.26,"1,53,77,532"
LAKSHADWEEP,2009,0,0,0,0,0,0,0,0,0,0,0,0,32,97.16,103.41,90.55,"68,053"
PUDUCHERRY,2009,1,1,11,0,0,4,0,0,0,0,4,21,479,90.47,98.68,82.3,"10,82,216"
ANDHRA PRADESH,2010,69,446,581,1,9,55,82,0,3,0,577,1823,"1,62,975",68.68,79.63,57.51,"8,51,13,934"
ARUNACHAL PRADESH,2010,0,12,5,0,0,0,0,0,0,0,3,20,"83,743",61.52,72.01,49.72,"12,34,451"
ASSAM,2010,10,39,17,0,0,0,75,0,3,0,53,197,"78,438",72.25,80.84,62.97,"2,99,40,102"
BIHAR,2010,202,114,1359,0,0,0,152,0,0,8,8,1843,"94,163",53.42,67.8,37.73,"9,31,51,779"
CHHATTISGARH,2010,52,382,186,9,1,6,11,0,0,2,814,1463,"1,35,192",73.26,87.51,58.89,"2,34,16,694"
GOA,2010,2,23,14,0,1,4,1,0,0,0,34,79,"3,702",92.52,99.9,84.87,"15,16,078"
GUJARAT,2010,66,102,565,10,10,121,0,0,0,14,118,1006,"1,96,024",78.64,91.04,65.86,"5,68,68,054"
HARYANA,2010,29,107,123,2,0,24,0,0,0,0,18,303,"44,212",77.09,89.07,63.29,"2,36,96,970"
HIMACHAL PRADESH,2010,6,72,86,0,1,4,3,0,0,5,69,246,"55,673",86.69,96.68,76.52,"68,30,672"
JAMMU & KASHMIR,2010,1,8,5,1,0,0,0,0,0,0,2,17,"42,241",61.21,73.9,47,"1,13,18,380"
JHARKHAND,2010,4,0,6,0,0,0,21,3,1,0,19,54,"79,716",60.84,76.36,44.26,"3,02,85,679"
KARNATAKA,2010,45,108,125,4,0,30,21,0,0,8,68,409,"1,91,791",75.35,85.75,64.57,"5,92,70,790"
KERALA,2010,42,208,111,0,3,9,6,0,0,6,211,596,"38,863",102.19,105.87,98.75,"3,57,85,023"
MADHYA PRADESH,2010,144,1182,440,18,7,93,18,0,2,4,3004,4912,"3,08,252",72.06,86.32,56.51,"6,78,69,023"
MAHARASHTRA,2010,214,747,749,5,16,198,26,27,1,4,1277,3264,"3,07,713",86.85,96.96,75.88,"10,87,43,693"
MANIPUR,2010,2,11,60,0,0,0,0,0,0,0,0,73,"22,327",77.41,87.52,67.1,"25,78,850"
MEGHALAYA,2010,2,91,16,0,0,0,0,0,0,0,1,110,"22,429",71.16,74.34,67.9,"25,92,405"
MIZORAM,2010,1,42,0,0,0,0,0,0,0,0,7,50,"21,081",99.46,101.93,96.8,"9,99,955"
NAGALAND,2010,0,3,7,0,0,0,0,0,0,0,0,10,"16,579",75.43,80.66,69.59,"22,36,943"
ODISHA,2010,9,74,51,0,0,0,4,0,0,0,56,194,"1,55,707",71.49,85.36,57.29,"4,12,57,359"
PUNJAB,2010,45,144,373,15,2,11,0,0,1,0,36,627,"50,362",78.62,85,71.43,"2,72,99,446"
RAJASTHAN,2010,82,369,706,18,2,119,14,0,0,2,6,1318,"3,42,239",68.59,85.94,49.84,"6,34,72,419"
SIKKIM,2010,3,14,5,0,0,0,0,0,0,0,7,29,"7,096",78.32,86.24,69.08,"6,09,063"
TAMIL NADU,2010,80,203,459,0,1,0,13,0,0,0,54,810,"1,30,058",82.58,92.53,72.55,"6,98,09,276"
TRIPURA,2010,2,107,22,0,0,0,32,0,0,1,63,227,"10,491",82.79,91.57,73.52,"35,87,471"
UTTAR PRADESH,2010,346,451,1225,18,0,0,0,0,0,5,287,2332,"2,40,928",64.47,78.93,48.31,"18,66,33,749"
UTTARAKHAND,2010,3,10,9,0,0,0,0,0,0,0,9,31,"53,483",81.24,94.42,67.73,"95,41,211"
WEST BENGAL,2010,16,73,332,0,3,0,200,48,115,0,93,880,"88,752",77.8,87.2,67.68,"9,01,63,670"
A & N ISLANDS,2010,1,15,9,3,0,0,0,0,0,0,23,51,"8,249",91.24,96.74,84.62,"4,00,852"
CHANDIGARH,2010,1,16,23,0,0,6,0,0,0,0,13,59,114,91.89,96.27,86.15,"10,12,756"
D & N HAVELI,2010,0,3,10,0,0,0,0,0,0,0,0,13,491,67.47,82.41,48.32,"2,48,348"
DAMAN & DIU,2010,0,1,1,0,0,0,0,0,0,0,0,2,112,91.14,99.36,79.09,"1,77,671"
DELHI,2010,29,304,2982,7,0,45,0,0,4,0,259,3630,"1,484",91.96,98.2,84.3,"1,55,68,213"
LAKSHADWEEP,2010,0,0,0,0,0,0,0,0,0,0,0,0,32,98.37,104.69,91.67,"68,897"
PUDUCHERRY,2010,0,3,8,0,0,0,0,0,0,1,4,16,479,91.59,99.91,83.32,"10,95,636"
ANDHRA PRADESH,2011,101,646,735,7,11,53,106,0,2,15,537,2213,"1,62,975",68.68,79.63,57.51,"8,61,60,835"
ARUNACHAL PRADESH,2011,0,20,15,0,0,0,0,0,0,0,0,35,"83,743",61.52,72.01,49.72,"12,49,634"
ASSAM,2011,8,40,29,0,0,0,142,0,0,0,17,236,"78,438",72.25,80.84,62.97,"3,03,08,365"
BIHAR,2011,124,91,1821,1,0,1,183,1,1,0,10,2233,"94,163",53.42,67.8,37.73,"9,42,97,546"
CHHATTISGARH,2011,59,477,283,21,5,7,15,0,1,5,909,1782,"1,35,192",73.26,87.51,58.89,"2,37,04,720"
GOA,2011,2,20,17,0,2,4,0,0,0,0,30,75,"3,702",92.52,99.9,84.87,"15,34,726"
GUJARAT,2011,69,130,605,0,1,105,4,0,0,13,204,1131,"1,96,024",78.64,91.04,65.86,"5,75,67,531"
HARYANA,2011,14,66,144,5,4,15,0,2,2,6,22,280,"44,212",77.09,89.07,63.29,"2,39,88,443"
HIMACHAL PRADESH,2011,6,72,108,0,1,8,3,0,0,0,63,261,"55,673",86.69,96.68,76.52,"69,14,690"
JAMMU & KASHMIR,2011,4,9,5,1,0,1,0,0,0,0,5,25,"42,241",61.21,73.9,47,"1,14,57,596"
JHARKHAND,2011,5,16,18,1,0,1,15,1,6,0,22,85,"79,716",60.84,76.36,44.26,"3,06,58,193"
KARNATAKA,2011,52,97,109,1,0,21,8,0,1,12,33,334,"1,91,791",75.35,85.75,64.57,"5,99,99,821"
KERALA,2011,47,423,129,0,2,4,9,0,0,3,835,1452,"38,863",102.19,105.87,98.75,"3,62,25,179"
MADHYA PRADESH,2011,123,1262,517,38,12,89,20,0,3,5,2312,4381,"3,08,252",72.06,86.32,56.51,"6,87,03,812"
MAHARASHTRA,2011,204,818,858,12,12,189,20,20,2,19,1208,3362,"3,07,713",86.85,96.96,75.88,"11,00,81,241"
MANIPUR,2011,3,19,65,0,0,0,0,0,0,0,0,87,"22,327",77.41,87.52,67.1,"26,10,570"
MEGHALAYA,2011,8,66,16,0,0,0,0,0,0,0,14,104,"22,429",71.16,74.34,67.9,"26,24,291"
MIZORAM,2011,0,39,3,0,0,0,0,0,0,0,10,52,"21,081",99.46,101.93,96.8,"10,12,254"
NAGALAND,2011,5,15,0,0,0,0,0,0,0,0,0,20,"16,579",75.43,80.66,69.59,"22,64,457"
ODISHA,2011,18,165,85,0,1,1,12,0,0,1,32,315,"1,55,707",71.49,85.36,57.29,"4,17,64,824"
PUNJAB,2011,41,166,349,15,0,22,0,0,0,0,29,622,"50,362",78.62,85,71.43,"2,76,35,229"
RAJASTHAN,2011,78,394,785,13,0,98,19,0,2,5,97,1491,"3,42,239",68.59,85.94,49.84,"6,42,53,130"
SIKKIM,2011,1,11,7,0,0,0,0,0,0,0,10,29,"7,096",78.32,86.24,69.08,"6,16,555"
TAMIL NADU,2011,108,271,519,0,2,2,0,0,0,0,23,925,"1,30,058",82.58,92.53,72.55,"7,06,67,930"
TRIPURA,2011,9,45,28,0,0,0,5,0,0,0,15,102,"10,491",82.79,91.57,73.52,"36,31,597"
UTTAR PRADESH,2011,326,1088,3739,12,5,0,0,1,4,4,321,5500,"2,40,928",64.47,78.93,48.31,"18,89,29,344"
UTTARAKHAND,2011,9,23,39,0,0,0,0,0,0,0,12,83,"53,483",81.24,94.42,67.73,"96,58,568"
WEST BENGAL,2011,46,252,660,0,3,1,298,0,87,25,78,1450,"88,752",77.8,87.2,67.68,"9,12,72,683"
A & N ISLANDS,2011,1,9,11,0,0,2,0,0,0,0,8,31,"8,249",91.24,96.74,84.62,"4,05,782"
CHANDIGARH,2011,3,15,40,0,0,7,0,0,0,0,9,74,114,91.89,96.27,86.15,"10,25,213"
D & N HAVELI,2011,2,1,8,0,0,0,0,0,0,0,0,11,491,67.47,82.41,48.32,"2,51,403"
DAMAN & DIU,2011,0,0,2,0,0,1,0,0,0,0,0,3,112,91.14,99.36,79.09,"1,79,857"
DELHI,2011,39,339,3528,5,0,68,3,0,2,0,266,4250,"1,484",91.96,98.2,84.3,"1,57,59,702"
LAKSHADWEEP,2011,0,0,0,0,0,0,0,0,0,0,0,0,32,98.37,104.69,91.67,"69,744"
PUDUCHERRY,2011,0,6,7,0,0,0,0,0,0,0,2,15,479,91.59,99.91,83.32,"11,09,112"
